title,url,label
Ti potrebbe interessare,https://www.clubmed.it/d/oceano-indiano/mauritius,Vacanze alle Mauritius
Ti potrebbe interessare,https://www.clubmed.it/l/10-motivi-per-andare-alle-mauritius,10 motivi per andare alle Mauritius
Ti potrebbe interessare,https://www.clubmed.it/l/4-escursioni-a-mauritius-parchi-vulcani-scogliere,Escursioni alle Mauritius
Ti potrebbe interessare,https://www.clubmed.it/l/all-inclusive,Resort All Inclusive 
Ti potrebbe interessare,https://www.clubmed.it/l/bambini,Viaggi con i bambini
Ti potrebbe interessare,https://www.clubmed.it/l/clima-mauritius,Il clima alle Mauritius
Ti potrebbe interessare,https://www.clubmed.it/l/cosa-fare-mauritius,Cosa fare Mauritius
Ti potrebbe interessare,https://www.clubmed.it/l/cultura-mauritius,La cultura delle Mauritius
Ti potrebbe interessare,https://www.clubmed.it/l/dove-andare-mauritius,Cosa vedere alle Mauritius
Ti potrebbe interessare,https://www.clubmed.it/l/escursioni-mauritius,Mauritius Escursioni
Ti potrebbe interessare,https://www.clubmed.it/l/gastronomia-mauritius,La gatronomia alle Mauritius
Ti potrebbe interessare,https://www.clubmed.it/l/golf-mauritius,Golf alle Mauritius
Ti potrebbe interessare,https://www.clubmed.it/l/immersioni-mauritius,Immersioni alle Mauritius
Ti potrebbe interessare,https://www.clubmed.it/l/mauritius-in-famiglia,Mauritius in famiglia
Ti potrebbe interessare,https://www.clubmed.it/l/mauritius-quando-partire,Quando andare alle Mauritius
Ti potrebbe interessare,https://www.clubmed.it/l/natale-mauritius,Natale alle Mauritius
Ti potrebbe interessare,https://www.clubmed.it/l/port-louis-guida-visitare-la-spledida-capitale-mauritius,La capitale delle Mauritius
Ti potrebbe interessare,https://www.clubmed.it/l/spiagge-mauritius,Le spiagge delle Mauritius
Ti potrebbe interessare,https://www.clubmed.it/l/vacanze-al-mare,Vacanze al mare
Ti potrebbe interessare,https://www.clubmed.it/l/vacanze-per-famiglie,Vacanze per famiglie
Ti potrebbe interessare,https://www.clubmed.it/l/viaggio-nozze-mauritius,Viaggio di nozze alle Mauritius
Ti potrebbe interessare,https://www.clubmed.it/l/visitare-lisola-dei-cervi-a-mauritius-tra-spiagge-coralline-e-campi-da-golf,Isola dei cervi alle Mauritius
Ti potrebbe interessare,https://www.clubmed.it/o/last-minute,Offerte viaggi Last Minute