url,locale
https://www.clubmed.it/l/mauritius-quando-partire,it-IT
https://www.clubmed.it/l/clima-mauritius,it-IT
https://www.clubmed.it/d/oceano-indiano/mauritius,it-IT
https://www.clubmed.it/l/port-louis-guida-visitare-la-spledida-capitale-mauritius,it-IT
https://www.clubmed.it/l/cultura-mauritius,it-IT
https://www.clubmed.it/l/spiagge-mauritius,it-IT
https://www.clubmed.it/l/gastronomia-mauritius,it-IT
https://www.clubmed.it/l/natale-mauritius,it-IT
https://www.clubmed.it/l/visitare-lisola-dei-cervi-a-mauritius-tra-spiagge-coralline-e-campi-da-golf,it-IT
https://www.clubmed.it/l/dove-andare-mauritius,it-IT
https://www.clubmed.it/l/10-motivi-per-andare-alle-mauritius,it-IT
https://www.clubmed.it/l/immersioni-mauritius,it-IT
https://www.clubmed.it/l/le-rarita-naturali-black-river-gorges-park-mauritius,it-IT
https://www.clubmed.it/l/4-escursioni-a-mauritius-parchi-vulcani-scogliere,it-IT
https://www.clubmed.it/l/i-5-migliori-siti-per-immersioni-a-mauritius,it-IT
https://www.clubmed.it/l/viaggio-nozze-mauritius,it-IT
https://www.clubmed.it/l/cosa-e-dove-mangiare-a-mauritius,it-IT
https://www.clubmed.it/l/mauritius-in-famiglia,it-IT
https://www.clubmed.it/l/golf-mauritius,it-IT
https://www.clubmed.it/l/escursioni-mauritius,it-IT
https://www.clubmed.it/l/escursione-in-catamarano-tra-le-isole-a-nord-di-mauritius,it-IT
https://www.clubmed.it/l/mauritius-cosa-fare-e-cosa-vedere-nella-meravigliosa-isola-africana,it-IT
https://www.clubmed.it/l/viaggio-nozze-mauritius-un-resort-lusso,it-IT
https://www.clubmed.it/l/cosa-fare-mauritius,it-IT
https://www.clubmed.it/l/destinazioni-mauritius,it-IT
https://www.clubmed.it/l/sport-acquatici-mauritius,it-IT
https://www.clubmed.it/l/viaggio-in-famiglia-mauritius,it-IT